,S_AE,S_An,S_En,S_AF,S_EF,S_nF,S_A,S_E,S_n,S_F,V_tot
0,8.857604064140185e-33,2.4795267778282994e-33,1.0621172291435535e-32,7.5401353987487235e-34,1.0789339350329858e-32,8.891938637711524e-33,3.428452926790034e-33,1.2255241347343478e-32,9.063837887678136e-33,1.610991214517359e-34,1.6411405246966698e-32
1,4.153365857367662e-32,1.2038337158384169e-32,4.954793509522907e-32,3.912544231241802e-33,5.031977862428683e-32,4.178302476583244e-32,1.6864101753649758e-32,5.707144131191717e-32,4.2224468501802427e-32,7.670167728600908e-34,7.605804154198836e-32
2,1.846744106782465e-31,5.537655038848183e-32,2.1920140879808297e-31,1.913421320001189e-32,2.22548338129989e-31,1.8609796210111391e-31,7.841287108362953e-32,2.5201361588471253e-31,1.865363879141791e-31,3.457351416986955e-33,3.3431271875834728e-31
3,7.807066337546113e-31,2.419738044832786e-31,9.22099890957996e-31,8.846202449086522e-32,9.358546185931063e-31,7.87733630154527e-31,3.4561878712180193e-31,1.0580201820094533e-30,7.835304926710748e-31,1.4794751609469584e-32,1.397393674393094e-30
4,3.1456841305312948e-30,1.0067960074276112e-30,3.6974415507679536e-30,3.8773211196241292e-31,3.7511696057799824e-30,3.1768159611158834e-30,1.4479011704499939e-30,4.233554446926961e-30,3.13695389430208e-30,6.025824021158557e-32,5.5681765455050585e-30
5,1.210839794664698e-29,3.9978451821898954e-30,1.416485533099669e-29,1.6154238823528618e-30,1.436486785547508e-29,1.2234508977980822e-29,5.779407884908295e-30,1.6183075038029098e-29,1.1998182032600024e-29,2.34161804761731e-31,2.1199878317899812e-29
6,4.462046619245009e-29,1.5182436701206597e-29,5.195681776354786e-29,6.413520313675165e-30,5.266819687586104e-29,4.509246398631697e-29,2.203095209183854e-29,5.922409455474537e-29,4.3934685426369737e-29,8.701331633189237e-31,7.728790685673884e-29
7,1.577349638197449e-28,5.525248812637054e-29,1.8283684110369936e-28,2.4320214840088015e-29,1.852597656123989e-28,1.5937681427355749e-28,8.037630459747641e-29,2.079184842150044e-28,1.5433133830200548e-28,3.098438760152588e-30,2.703452156520646e-28
8,5.358993085872704e-28,1.930499122494542e-28,6.184307672140724e-28,8.827562583544393e-29,6.263505640128856e-28,5.412220926092529e-28,2.8122152591341156e-28,7.015602743454534e-28,5.210388163541248e-28,1.0593712826821866e-29,9.090138742336863e-28
9,1.7529263040007404e-27,6.487241668152022e-28,2.0141370088126518e-27,3.0732576106835396e-28,2.039031549870236e-27,1.76900720537717e-27,9.454132877525033e-28,2.2792015412867375e-27,1.693634746925454e-27,3.484251856663502e-29,2.9432816885542748e-27
10,5.5295065081259825e-27,2.1001235209218182e-27,6.3266650045852064e-27,1.0281808339592175e-27,6.402058949001224e-27,5.574616035372906e-27,3.0593156056698155e-27,7.141143772137906e-27,5.309101959429947e-27,1.104298087584018e-28,9.192224534980139e-27
11,1.6847103857381185e-26,6.560017091704911e-27,1.9196528907527222e-26,3.3115359374482165e-27,1.941691708270845e-26,1.696351299838769e-26,9.54523757977802e-27,2.161215687645247e-26,1.6074929705758717e-26,3.3782586779815024e-28,2.773395019436773e-26
12,4.964945248866181e-26,1.980085232106057e-26,5.634648977270578e-26,1.0285114034153341e-26,5.696935244459507e-26,4.992018787018501e-26,2.8760503518952455e-26,6.327200310089339e-26,4.708030705490048e-26,9.990838337021627e-28,8.095434062086677e-26
13,1.4172662926574686e-25,5.783488835493864e-26,1.6021556917295265e-25,3.08528485574611e-26,1.6192024108766377e-25,1.422666623350189e-25,8.38109816670483e-26,1.7943573254584702e-25,1.3356433520747989e-25,2.8605355388149754e-27,2.2893067446287414e-25
14,3.9237353553371144e-25,1.6368111854160667e-25,4.418751149128248e-25,8.952297718662217e-26,4.463998104377287e-25,3.9315973646679123e-25,2.3654310830965445e-25,4.935788163012946e-25,3.675086589387663e-25,7.940120997849694e-27,6.280110256882647e-25
15,1.0548511181484972e-24,4.494225513131787e-25,1.1835401231755968e-24,2.516147036868097e-25,1.195204461647394e-24,1.0549072260644576e-24,6.474410128240569e-25,1.318526232045087e-24,9.819824841550144e-25,2.1394678998361444e-26,1.6732555891827897e-24
16,2.7569475934526987e-24,1.1986019125422522e-24,3.082174873079972e-24,6.859210284719998e-25,3.1114194105010387e-24,2.7513723175569063e-24,1.7207349698620586e-24,3.424605201896819e-24,2.5509553311093253e-24,5.602949368401971e-26,4.335027692906109e-24
17,7.012730573055451e-24,3.1084810433635628e-24,7.812630421165336e-24,1.815895094022731e-24,7.884031892782586e-24,6.983240724558992e-24,4.445952913027506e-24,8.657627690587013e-24,6.4497274653483246e-24,1.4277897589155222e-25,1.093280122925786e-23
18,1.7378692467799444e-23,7.847632923975905e-24,1.9295336202120226e-23,4.674096200347705e-24,1.9465311466246147e-23,1.7266086669612744e-23,1.1179900318424305e-23,2.1325802785833445e-23,1.588803320119207e-23,3.5442616692681428e-25,2.686772151423025e-23
19,4.1999547101885243e-23,1.9305747687788906e-23,4.6478061757876567e-23,1.1710577234531733e-23,4.6873060203425046e-23,4.162866413618065e-23,2.7389998668306617e-23,5.123389209336882e-23,3.816946978875508e-23,8.579328305969774e-25,6.440446353314638e-23
20,9.90772032078669e-23,4.6324419296737053e-23,1.0929177926865659e-22,2.8588402132210403e-23,1.1018885558390014e-22,9.796305952038884e-23,6.544271334428295e-23,1.2015993570325919e-22,8.951254022755954e-23,2.0271002429356725e-24,1.5072678152184464e-22
21,2.2834302155060093e-22,1.0851895692301605e-22,2.511037404099056e-22,6.807143338033332e-23,2.5309698562369367e-22,2.2521216393034357e-22,1.52635984828407e-22,2.7535707572809197e-22,2.050958892899818e-22,4.679483814373394e-24,3.4469649883259714e-22
22,5.145769763824526e-22,2.4839937363814316e-22,5.641672315757585e-22,1.5823872425924468e-22,5.685047697872257e-22,5.062316588794417e-22,3.478311215840382e-22,6.170652572025141e-22,4.595144640439188e-22,1.056348331563695e-23,7.709360190914359e-22
23,1.1347676445606872e-21,5.560359619167166e-22,1.2404975942988026e-21,3.594357835214512e-22,1.2497512394744525e-21,1.1134846319623303e-21,7.7511301125900865e-22,1.3533489293987078e-21,1.007525096857974e-21,2.3338297171234646e-23,1.6876384798386567e-21
24,2.4506745836738825e-21,1.2181570718691982e-21,2.671434289801542e-21,7.984689021489282e-22,2.690806867081048e-21,2.398437694036032e-21,1.6904286364737117e-21,2.9071028502356835e-21,2.163489875872553e-21,5.050474534509486e-23,3.618656737359406e-21
25,5.186785824724489e-21,2.6138189755578448e-21,5.6385103821321305e-21,1.7360862054129084e-21,5.6783456532458484e-21,5.062873756248628e-21,3.610738750501175e-21,6.120608459041988e-21,4.553104012851532e-21,1.0713401531485862e-22,7.605595057485439e-21
26,1.0765679873107433e-20,5.497021792313067e-21,1.1672154990652935e-20,3.697359199789315e-21,1.1752681247641425e-20,1.0480684301078285e-20,7.559237398823851e-21,1.2638879232938713e-20,9.397446552651316e-21,2.229307354026065e-22,1.5679507835851848e-20
27,2.19279028470348e-20,1.133840760728853e-20,2.3712941324027007e-20,7.718496139033772e-21,2.3873104523085466e-20,2.1290735513844127e-20,1.5521794645201364e-20,2.5614380131943642e-20,1.9034564813212677e-20,4.553654421980726e-22,3.172679001143361e-20
28,4.3856454843722093e-20,2.2952395063006994e-20,4.730801812296835e-20,1.5804913487008098e-20,4.7621701696476384e-20,4.2468874030793084e-20,3.1280393132866284e-20,5.0978633655529566e-20,3.7859437408054006e-20,9.136583302171145e-22,6.304950328492368e-20
29,8.617991003880717e-20,4.562684787563797e-20,9.273704769924475e-20,3.176527490770888e-20,9.334246475856916e-20,8.323139561453683e-20,6.190687158980404e-20,9.969565629003873e-20,7.398737843931968e-20,1.8018307824173583e-21,1.2312703008379105e-19
30,1.664782939314992e-19,8.912135261906243e-20,1.7872400141459949e-19,6.270218369624132e-20,1.7987629314091313e-19,1.6035579510073484e-19,1.2039224224290527e-19,1.9168592895622284e-19,1.4214614181249868e-19,3.494708335642302e-21,2.364195662660819e-19
31,3.1631481125819446e-19,1.7114020239708134e-19,3.3880812340455286e-19,1.2162905439768028e-19,3.409723694598327e-19,3.0387568475628727e-19,2.3019452231919934e-19,3.625439440805423e-19,2.686187166582553e-19,6.669959123642757e-21,4.46582933065473e-19
32,5.914416331196957e-19,3.2326580866802946e-19,6.320990918511339e-19,2.319844932296204e-19,6.36112917692504e-19,5.666859523635682e-19,4.329722307713128e-19,6.7484925997844555e-19,4.995508702540841e-19,1.2533956412391337e-20,8.302881827680535e-19
33,1.0887902195032357e-18,6.009278828994879e-19,1.1611422534984368e-18,4.352891267804772e-19,1.1684970172419182e-18,1.0404823818365512e-18,8.015191594567302e-19,1.236907458567423e-18,9.146883438209225e-19,2.3202403507245447e-20,1.5201008986069533e-18
34,1.9743122694366847e-18,1.0998832344444587e-18,2.1011302799812517e-18,8.039198017314182e-19,2.114452201055282e-18,1.8817982814303215e-18,1.4610525991481107e-18,2.233317085134779e-18,1.649734128690713e-18,4.2332577444603297e-20,2.7417733226463516e-18
35,3.527901512331375e-18,1.9830291395595728e-18,3.7469381881047946e-18,1.462081441187187e-18,3.770803189159476e-18,3.35388265745128e-18,2.623703098864211e-18,3.974065524910346e-18,2.9321737918478097e-18,7.615899948361005e-20,4.874110888205376e-18
36,6.2147890854071285e-18,3.523358304225154e-18,6.587725674180204e-18,2.619701475860841e-18,6.6300256580757215e-18,5.893049435727685e-18,4.643540516531863e-18,6.972210643520582e-18,5.137814987319512e-18,1.351672788616873e-19,8.543660340747932e-18
37,1.0797347807723873e-17,6.171735237636575e-18,1.1423533090427161e-17,4.626376362612914e-18,1.1497744449262714e-17,1.0212254511558267e-17,8.103054221289285e-18,1.2064997819404979e-17,8.878695649150948e-18,2.3676442618957436e-19,1.4772310943440586e-17
38,1.850765316098789e-17,1.0662255245156372e-17,1.954489301582557e-17,8.055954468861644e-18,1.9673806906467846e-17,1.74604598442233e-17,1.3947078389081264e-17,2.0599993145512928e-17,1.5137772511353624e-17,4.0948566539996773e-19,2.52041201093742e-17
39,3.131004285972304e-17,1.8173644030974892e-17,3.3005607952122335e-17,1.383721650855651e-17,3.322740583545643e-17,2.9464357952512894e-17,2.368720922629435e-17,3.4717101539516714e-17,2.547231925318215e-17,6.995418375012259e-19,4.244903963021325e-17
40,5.229503217429845e-17,3.0572961931587045e-17,5.503125312388248e-17,2.345287714446482e-17,5.540930850110085e-17,4.9089899493051154e-17,3.970939744416395e-17,5.77699242380824e-17,4.231672318562866e-17,1.1808906702427396e-18,7.05966598732925e-17
41,8.626213938702762e-17,5.077837040313899e-17,9.062251763269451e-17,3.923833795351192e-17,9.126106049073088e-17,8.077553246444162e-17,6.573031427861365e-17,9.494664632408262e-17,6.94269065733456e-17,1.9705534625941184e-18,1.159736948909535e-16
42,1.405704084301216e-16,8.329154430214932e-17,1.4743415232009253e-16,6.482391995048855e-17,1.4850306799484514e-16,1.3130793462167585e-16,1.0746505873809377e-16,1.541724624779224e-16,1.1252346890741056e-16,3.2516544010020402e-18,1.882459167886512e-16
43,2.2636266953977017e-16,1.3496814284903727e-16,2.370380300060884e-16,1.0578040571971827e-16,2.3881175093863967e-16,2.1093512328881784e-16,1.7359060333761253e-16,2.4740339017586887e-16,1.802093640208216e-16,5.307709171447262e-18,3.0199989089991043e-16
44,3.6030376449857326e-16,2.161172106890169e-16,3.767135417622079e-16,1.705483557988667e-16,3.7963146900276223e-16,3.3494189458973507e-16,2.77116815159487e-16,3.9245602271138435e-16,2.8526086610782426e-16,8.57313166918815e-18,4.789833887261327e-16
45,5.67014746129609e-16,3.420479331153037e-16,5.919508942905525e-16,2.717574918968736e-16,5.967103858805219e-16,5.258490723360552e-16,4.3731049500078404e-16,6.155598955355215e-16,4.464178310652512e-16,1.3706888985527783e-17,7.5123674818526705e-16
46,8.824346073873435e-16,5.352149472853326e-16,9.199029689807579e-16,4.2807391926967963e-16,9.276011020886813e-16,8.16441064196595e-16,6.823578063710504e-16,9.548686877066053e-16,6.908304196695432e-16,2.169887535040624e-17,1.1654111782668437e-15
47,1.3583977066989892e-15,8.281509644658202e-16,1.4140785092127481e-15,6.667501500343044e-16,1.426426158874576e-15,1.25387497541717e-15,1.0529961816582135e-15,1.4652225476604304e-15,1.0573533345685198e-15,3.402209460716948e-17,1.7886436240121765e-15
48,2.0687766800841654e-15,1.2674164200071615e-15,2.150631409865061e-15,1.027095165629345e-15,2.170273471179216e-15,1.905177056382267e-15,1.6073966635664944e-15,2.2245140933818802e-15,1.6009129018017998e-15,5.2848382746597876e-17,2.716439425732303e-15
49,3.117603208670218e-15,1.9188375119303575e-15,3.2366636752736647e-15,1.5651274371475483e-15,3.267653492393618e-15,2.86448483936604e-15,2.4276284112269105e-15,3.342070696753829e-15,2.3982030494045375e-15,8.135146217492518e-17,4.083099578911497e-15
50,4.6496356564802955e-15,2.8743416736623347e-15,4.821016257264018e-15,2.359719668978151e-15,4.869511773854854e-15,4.262439787675489e-15,3.62808322341816e-15,4.969518239848023e-15,3.554987267126036e-15,1.2412894626156934e-16,6.075311841010387e-15
51,6.863882593007723e-15,4.260726020168366e-15,7.108061760235449e-15,3.5205846305174273e-15,7.183337117973378e-15,6.278166211981707e-15,5.3662707460964995e-15,7.314625477042607e-15,5.2152860078256314e-15,1.8778490673065115e-16,8.949593026653027e-15
52,1.0030598863290817e-14,6.2506990167461465e-15,1.037502026954124e-14,5.198478458042229e-15,1.0490921387171916e-14,9.154273995952492e-15,7.856401817527115e-15,1.0658627304869853e-14,7.572700225376001e-15,2.8172722064482245e-16,1.3054306992832149e-14
53,1.451222420733921e-14,9.076503768562368e-15,1.4993272569427303e-14,7.597999141143878e-15,1.5170290721766895e-14,1.3215276562619723e-14,1.1386140347958117e-14,1.5377467285648012e-14,1.0884045167247521e-14,4.192495913981052e-16,1.8856965704285763e-14
54,2.078860401015248e-14,1.3046343174024345e-14,2.1454014739592082e-14,1.0993316792591216e-14,2.1722210565559375e-14,1.888969672393711e-14,1.6336799309139984e-14,2.1967254997938134e-14,1.548532281104553e-14,6.189873297829235e-16,2.697741795036665e-14
55,2.9486579645663567e-14,1.856365744748789e-14,3.0398347367077656e-14,1.5747066493663065e-14,3.0801431268227507e-14,2.673591019428171e-14,2.3207052974649497e-14,3.107396429584713e-14,2.1809820331288806e-14,9.068590292277479e-16,3.822730111033542e-14
56,4.141361526123005e-14,2.6149022287519965e-14,4.2651475793229926e-14,2.2332435734454634e-14,4.3252441154042725e-14,3.747141164509495e-14,3.263989742182999e-14,4.3526958049552e-14,3.040775540962689e-14,1.3186332946433103e-15,5.365572547263303e-14
57,5.759448388677908e-14,3.646400550221269e-14,5.926006191321464e-14,3.135815246791812e-14,6.014887586379795e-14,5.2004637863617805e-14,4.545206982657209e-14,6.037525976900654e-14,4.196636438901919e-14,1.9032903921644128e-15,7.460051861925981e-14
58,7.930910841967342e-14,5.033570290486677e-14,8.153085562319525e-14,4.3595587446317486e-14,8.283483730267373e-14,7.146770111783623e-14,6.266438537348885e-14,8.292454486166108e-14,5.7328614838075e-14,2.7273820737860947e-15,1.0274341360337176e-13
59,1.0812838325704989e-13,6.877983450545022e-14,1.1106748944083271e-13,6.00064847595105e-14,1.1296514411153073e-13,9.724733100697661e-14,8.553042057198402e-14,1.1277153860587688e-13,7.750779633790632e-14,3.880626751982408e-15,1.4016625303974222e-13
60,1.4594314298801083e-13,9.301919321471285e-14,1.4980070024853266e-13,8.176889007703124e-14,1.525399208589182e-13,1.3100996620231486e-13,1.1555962510400842e-13,1.518308423067383e-13,1.0369409642098485e-13,5.4830077577152004e-15,1.8940354614257073e-13
61,1.9497937829724783e-13,1.2449289692296493e-13,2.0000523499444423e-13,1.1029763327479323e-13,2.03926916072756e-13,1.7471527903654444e-13,1.5452926714319028e-13,2.0234715335121018e-13,1.3724792985684192e-13,7.693663120898847e-15,2.534845293757292e-13
62,2.5779036557348454e-13,1.6485033885210572e-13,2.6429434655629844e-13,1.4725424596894595e-13,2.6986255488670445e-13,2.306105083475665e-13,2.0447764203391608e-13,2.6688344760065776e-13,1.7967334052936693e-13,1.0721855973588228e-14,3.3595527008194497e-13
63,3.372137102659153e-13,2.1592206591755944e-13,3.455802291164687e-13,1.945395111520052e-13,3.5342010623958894e-13,3.0119595500723975e-13,2.676688118635127e-13,3.482730990655693e-13,2.32563399853969e-13,1.4840280019853915e-14,4.4086843387754035e-13
64,4.3627868522641965e-13,2.7965824691223114e-13,4.469862578389509e-13,2.54260089264927e-13,4.579307419504537e-13,3.8915011874162043e-13,3.465170238110304e-13,4.4952141377614773e-13,2.9750846381828753e-13,2.040086258548262e-14,5.727253685816385e-13
65,5.580471622844153e-13,3.580242685596139e-13,5.71694962707674e-13,3.2865909997189385e-13,5.868411479063495e-13,4.972016514588785e-13,4.4345727834935795e-13,5.736401500049765e-13,3.75957854043783e-13,2.7853048289253442e-14,7.363525972544612e-13
66,7.053706510850847e-13,4.528428454162307e-13,7.227150178217052e-13,4.199995817157768e-13,7.434904391164672e-13,6.279352124490673e-13,5.607479094986616e-13,7.233980528964897e-13,4.690266110832506e-13,3.7764239550480224e-14,9.366933806737716e-13
67,8.805475693220365e-13,5.655735868414774e-13,9.025522107079028e-13,5.303900247583584e-13,9.307904680660375e-13,7.835203199689826e-13,7.001923954843462e-13,9.009723375478481e-13,5.772422378664711e-13,5.084158653396202e-14,1.178495742013656e-12
68,1.084870322520504e-12,6.970251771821549e-13,1.1127747367628135e-12,6.61543525035232e-13,1.1507985702541e-12,9.653575232283653e-13,8.627721254761208e-13,1.1074918364772073e-12,7.002327744281639e-13,6.795360210658424e-14,1.4658826152060262e-12
69,1.3180628134314564e-12,8.470032851851575e-13,1.3534738578808866e-12,8.144675833934466e-13,1.4041820064242079e-12,1.1736459408229356e-12,1.048190931735377e-12,1.3424738797015842e-12,8.363681342623647e-13,9.014907005177917e-14,1.801799231106295e-12
70,1.5776274629076572e-12,1.0139100904310294e-12,1.622638627176122e-12,9.890913166103458e-13,1.6895905575432092e-12,1.406891636026818e-12,1.2543473496994744e-12,1.6031756480651494e-12,9.823822070972013e-13,1.1866937431393161e-13,2.1873492203102247e-12
71,1.858148189061148e-12,1.1943296054502313e-12,1.9154892793161504e-12,1.1838518366172144e-12,2.0029792853328894e-12,1.661398171595377e-12,1.4767729917011515e-12,1.883908098811847e-12,1.1330240047451873e-12,1.5494869982088745e-13,2.6210555905450877e-12
72,2.1506324390150886e-12,1.3826565899110216e-12,2.2238481727921538e-12,1.3952821802248388e-12,2.3369577138166305e-12,1.9308086453686028e-12,1.7081053980301322e-12,2.1753968419909623e-12,1.2808110772961547e-12,2.0059461675121912e-13,3.0981161155153955e-12
73,2.4420194453390515e-12,1.570853939079766e-12,2.5356678364262022e-12,1.6176685521015072e-12,2.6802828303828665e-12,2.2058001897669586e-12,1.9376997020781705e-12,2.4643175505473124e-12,1.4159844881904575e-12,2.5733957032526707e-13,3.609763105847878e-12
74,2.7150278480505053e-12,1.7484495319442358e-12,2.834877223366963e-12,1.842871745852189e-12,3.0176561002613185e-12,2.474061902805733e-12,2.1515208133985287e-12,2.733177984471402e-12,1.5267857977318895e-12,3.2695217262937426e-13,4.142880067777408e-12
75,2.948552925464059e-12,1.9029007429567287e-12,3.1017394079986395e-12,2.0604303041021406e-12,3.330019025091045e-12,2.720706043913828e-12,2.3324876869826245e-12,2.9607537828389984e-12,1.6001831420040428e-12,4.110966239013529e-13,4.6800628348573265e-12
76,3.1188349149068617e-12,2.0204514657986816e-12,3.3139208035025163e-12,2.258071400443904e-12,3.595551790223672e-12,2.929256361630071e-12,2.46144958855732e-12,3.1232940985077367e-12,1.6231524715701875e-12,5.11130092672249e-13,5.200325452744556e-12
77,3.2015825428861272e-12,2.0875680139605156e-12,3.4484328555621596e-12,2.4227362507115216e-12,3.79154419454508e-12,3.083309826538586e-12,2.518942382600222e-12,3.19667376461064e-12,1.5845563533316228e-12,6.278327630705649e-13,5.680621763272749e-12
78,3.1751248995373434e-12,2.0929523420730337e-12,3.4845001643780135e-12,2.542165406410276e-12,3.897204474501892e-12,3.168862703199347e-12,2.4877802616166457e-12,3.159556862190768e-12,1.4775437804557787e-12,7.610749292018563e-13,6.098261202355674e-12
79,3.0244607295371844e-12,2.029985711826634e-12,3.407218530926937e-12,2.6069743258388276e-12,3.897282585979427e-12,3.1771205368608717e-12,2.356369232244602e-12,2.997433900005646e-12,1.3022171228188645e-12,9.094410866396021e-13,6.434126372941387e-12
80,2.7457761283369248e-12,1.899260683774559e-12,3.211595255091545e-12,2.6129813062615924e-12,3.786110477970482e-12,3.1073843233288667e-12,2.122382761067097e-12,2.707101185701566e-12,1.068093205988116e-12,1.0698525179330606e-12,6.676351885515629e-12
81,2.350643596629336e-12,1.71064735419104e-12,2.906247741671183e-12,2.563349668358345e-12,3.5713362318866585e-12,2.9693619138693766e-12,1.7961460182562585e-12,2.300800359213654e-12,7.956707877424839e-13,1.2372554507817545e-12,6.8238306147582495e-12
82,1.8687811774738782e-12,1.4841768942084126e-12,2.5157553482706645e-12,2.4699252771984282e-12,3.276330896023548e-12,2.7840720460936968e-12,1.4028030107774515e-12,1.808910590132901e-12,5.162872603125989e-13,1.4044664870101297e-12,6.888648195240902e-12
83,1.3480762149521376e-12,1.2490061688609898e-12,2.080537936322494e-12,2.353070640417627e-12,2.940103000287503e-12,2.582497937907571e-12,9.822036144091228e-13,1.2799183028295675e-12,2.695100902484334e-13,1.562282021239366e-12,6.8964237125323125e-12
84,8.507306664306721e-13,1.03995157463571e-12,1.6533175294867475e-12,2.2394143296410072e-12,2.6137178884848788e-12,2.401422768266657e-12,5.855825914841214e-13,7.765412111483038e-13,9.76659264648989e-14,1.6999521815830784e-12,6.8836875555340006e-12
85,4.450036272295776e-13,8.916078540746194e-13,1.2918169648836093e-12,2.157323520898387e-12,2.352809843524315e-12,2.2765070174026884e-12,2.686243589400051e-13,3.67490670775499e-13,3.7806803155688774e-14,1.8060806182136227e-12,6.891957942243738e-12
86,1.931366199808928e-13,8.308571117557801e-13,1.0483575567076617e-12,2.130565609146356e-12,2.206806278309482e-12,2.2335963528421974e-12,8.143322645502103e-14,1.1544381691879877e-13,1.1236860538167973e-13,1.8699324751361646e-12,6.95908247355332e-12
87,1.374675900337508e-13,8.694335979945025e-13,9.582441189561816e-13,2.1714214886243413e-12,2.2067744932558612e-12,2.2802544959811873e-12,5.710528242833519e-14,6.319118638094109e-14,3.207416194416333e-13,1.8830192706328836e-12,7.109513679488323e-12
88,2.8804633239697424e-13,9.988056276115523e-13,1.0298705542420147e-12,2.2751765671882057e-12,2.3549506698463346e-12,2.400207431235913e-12,2.0166941098645532e-13,2.2121689409632308e-13,6.345446131777837e-13,1.8407040164708813e-12,7.346121654323524e-12
89,6.156670398132948e-13,1.1895830511606002e-12,1.2398255931085934e-12,2.4180964350086127e-12,2.619474340373894e-12,2.5533148933620866e-12,4.886395903863708e-13,5.605832182722613e-13,9.991399499210294e-13,1.7434734613145113e-12,7.646440310097853e-12
90,1.0535964361270945e-12,1.396708523083948e-12,1.5355039229716662e-12,2.560413379006752e-12,2.937154909766005e-12,2.6825570972433852e-12,8.608562265001081e-13,1.0144013532864413e-12,1.342599379708342e-12,1.5975060224221468e-12,7.96551442331702e-12
91,1.5092230993541114e-12,1.5699354177851932e-12,1.8457748686476957e-12,2.6544856489862722e-12,3.2251178574537074e-12,2.7274340589094817e-12,1.2405538856884315e-12,1.489188533084594e-12,1.5910905115726289e-12,1.4142616227363025e-12,8.245718536674254e-12
92,1.8838134464709892e-12,1.6670649891243436e-12,2.097616404083718e-12,2.6564990923196075e-12,3.399359916873985e-12,2.6407261451340818e-12,1.5460458403343565e-12,1.884434135227756e-12,1.6871704190238788e-12,1.2090357476606192e-12,8.4315151905151e-12
93,2.0955566188631544e-12,1.6659510384003618e-12,2.2342525078842437e-12,2.538536430096495e-12,3.395562477767702e-12,2.403737627863991e-12,1.7109270965817749e-12,2.1157055565372334e-12,1.6057551867746618e-12,9.987059657050522e-13,8.485006062247872e-12
94,2.0993788888064607e-12,1.5711686946660487e-12,2.2293094305580394e-12,2.297270349750079e-12,3.1861313200472814e-12,2.034887579540808e-12,1.7003250695524525e-12,2.1348566904979426e-12,1.36250662425348e-12,7.991613668901318e-13,8.397292712540923e-12
95,1.897518870803213e-12,1.4127733990100746e-12,2.0924711653907577e-12,1.956344713459688e-12,2.7881340569419433e-12,1.5882257565712807e-12,1.5192215400027304e-12,1.9412810645504396e-12,1.011367071377259e-12,6.230383466275051e-13,8.191678680217931e-12
96,1.5376066762148804e-12,1.2372802770155176e-12,1.8648626302833566e-12,1.56149967227084e-12,2.259534048511561e-12,1.14166804578958e-12,1.2102343596784036e-12,1.5807625747832731e-12,6.314154941047823e-13,4.783210407073041e-13,7.917393615508683e-12
97,1.0990059727498622e-12,1.0937887532367489e-12,1.6058740032294595e-12,1.1699089917318904e-12,1.6848889383877226e-12,7.782448328251545e-13,8.416414902978448e-13,1.132415231065542e-12,3.068105723130604e-13,3.681087601535869e-13,7.635797452409289e-12
98,6.718834719064271e-13,1.0198692628477634e-12,1.3759394102727055e-12,8.370489260181193e-13,1.155008340165244e-12,5.660080254139356e-13,4.895203388381984e-13,6.879440319482245e-13,1.0587148263637862e-13,2.9149472267234193e-13,7.403580564701556e-12
99,3.354384740539897e-13,1.0317185539254958e-12,1.2207935289714122e-12,6.04987325989236e-13,7.466663562200561e-13,5.425091983568249e-13,2.1946802818106455e-13,3.295675090064713e-13,6.541810074766227e-14,2.451742166202414e-13,7.258281973293697e-12
100,1.4133702748979848e-13,1.1213121085494898e-12,1.161683445159339e-12,4.951471052399354e-13,5.078556218939163e-13,7.079357993899227e-13,7.296325410281824e-14,1.127374468050039e-13,1.8442122127151735e-13,2.25224664030085e-13,7.210277589482617e-12
101,1.0605679713985362e-13,1.2606912714808537e-12,1.1935391364971882e-12,5.068403177651723e-13,4.5172002198619574e-13,1.0279473315609562e-12,6.139556187464013e-14,5.759529398933306e-14,4.2776220777950385e-13,2.285258592558369e-13,7.2428808531601406e-12
102,2.1268460123216033e-13,1.4112196427402327e-12,1.2903351573657824e-12,6.209745704193045e-13,5.59311776214311e-13,1.4442561146494283e-12,1.6809082761486333e-13,1.499835737297755e-13,7.378018740275787e-13,2.5348273451689935e-13,7.319463699389593e-12
103,4.19964796670355e-13,1.5344423756416496e-12,1.4148638786002993e-12,8.069983101585121e-13,7.888396959012719e-13,1.8891009001826137e-12,3.5635875097227245e-13,3.5002309492148053e-13,1.0495821262784166e-12,2.9998243152719203e-13,7.394577130867526e-12
104,6.749029037530921e-13,1.6013078651600785e-12,1.5294337671548773e-12,1.0307067843725964e-12,1.0878312631053065e-12,2.2994033817013876e-12,5.803700527859167e-13,6.046434950400943e-13,1.3052414246219027e-12,3.687573533520099e-13,7.425450750520458e-12
105,9.251668931320636e-13,1.5976324199012318e-12,1.604536639273981e-12,1.2608978155085754e-12,1.4047259697152803e-12,2.627357047072174e-12,7.956733297090381e-13,8.602585603238407e-13,1.464342194551122e-12,4.604633677998946e-13,7.380890933264354e-12
106,1.1285359530421021e-12,1.5251893571069261e-12,1.6238007912328032e-12,1.4737028037633625e-12,1.6974626590357319e-12,2.8458472751625956e-12,9.670598248589617e-13,1.072696042095772e-12,1.5086012927785519e-12,5.747971591288455e-13,7.245965563629032e-12
107,1.258111045970413e-12,1.3991029179666073e-12,1.5849528565539237e-12,1.6543261493294345e-12,1.9380278894720434e-12,2.9487543893771447e-12,1.0727497667486384e-12,1.2129319242130411e-12,1.4412581651001704e-12,7.09895125477238e-13,7.02233591020016e-12
108,1.3033584226749961e-12,1.242983445001621e-12,1.4975849771635497e-12,1.7966157983625193e-12,2.1131766645850584e-12,2.947365799731061e-12,1.1050264339476552e-12,1.2685669305341404e-12,1.2825148479252795e-12,8.621284330880113e-13,6.7252002514008584e-12
109,1.2679654532952542e-12,1.083396715137997e-12,1.3790596703703866e-12,1.901239201658115e-12,2.222327593589175e-12,2.8646407971598696e-12,1.0682000978121661e-12,1.2419512727444367e-12,1.0629687899276046e-12,1.0262845183995657e-12,6.378343955250477e-12
110,1.165860664070595e-12,9.44965841454327e-13,1.249913338866135e-12,1.9732790637430874e-12,2.2739177066300905e-12,2.7290095619362987e-12,9.750781650703487e-13,1.1462977533011494e-12,8.168339260441836e-13,1.196037427293031e-12,6.008785815092801e-12
111,1.0166841507974413e-12,8.468891948013538e-13,1.1298096338577628e-12,2.019898273998656e-12,2.2813889449984456e-12,2.5689614884840517e-12,8.430406086991204e-13,1.0011023305547363e-12,5.762472707929002e-13,1.3645695059237508e-12,5.642152426839402e-12
112,8.416697778151144e-13,8.011311005953472e-13,1.0346467151398277e-12,2.0484742445085855e-12,2.259645591808769e-12,2.409121605119167e-12,6.905281649738521e-13,8.278878072676484e-13,3.6734107831327693e-13,1.525209581686138e-12,5.2994155210903356e-12
113,6.6049225080703e-13,8.121365411890812e-13,9.749980268448033e-13,2.065363042612433e-12,2.2224335206393896e-12,2.268006040625407e-12,5.343954838535423e-13,6.468788003777504e-13,2.0821267980879016e-13,1.671983211671609e-12,4.995161810889101e-12
114,4.892649465775728e-13,8.776864795544153e-13,9.557551260707792e-13,2.0752747924878884e-12,2.180758760019205e-12,2.157283814890606e-12,3.882675479307961e-13,4.74836816163781e-13,1.0854275198442631e-13,1.800012600418835e-12,4.7372269871873446e-12
115,3.396109763135642e-13,9.90434310738507e-13,9.766690893262415e-13,2.0811381606838457e-12,2.142235292044267e-12,2.0821750613072434e-12,2.6181643424978417e-13,3.240037880180784e-13,7.04163500926272e-14,1.90574447734305e-12,4.527341328294812e-12
116,2.1858248036611155e-13,1.1397015445978379e-12,1.0334362499183417e-12,2.0842936163926302e-12,2.1111346202255567e-12,2.0425600189316356e-12,1.6075492754960785e-13,2.0193892667278905e-13,8.985798311978203e-14,1.987015892213087e-12,4.362383473202986e-12
117,1.291529277038452e-13,1.3132102055749565e-12,1.1190066706038527e-12,2.0848623259137977e-12,2.0888802602685693e-12,2.0344131346123482e-12,8.730592877290449e-14,1.1197169248329118e-13,1.5865020942156663e-13,2.042987750349569e-12,4.23587926315619e-12
118,7.102317375632713e-14,1.4985471398712423e-12,1.2248700118589817e-12,2.0821690379872995e-12,2.074757581320044e-12,2.0512660385758806e-12,4.092452697037368e-14,5.4002882361145314e-14,2.66113287986977e-13,2.073984680424191e-12,4.139470180417125e-12
119,4.1533475618053877e-14,1.6842626150288242e-12,1.3421615274593357e-12,2.0751366084857854e-12,2.066664225653177e-12,2.0855056541737962e-12,1.9096408469759707e-14,2.543479759808739e-14,4.0064182368972454e-13,2.0812800772946223e-12,4.064175735401527e-12
120,3.6536633989734914e-14,1.8605878215381455e-12,1.4625103933214106e-12,2.0626063686818008e-12,2.061787106281304e-12,2.129406181145681e-12,1.809159838936352e-14,2.207494771143778e-14,5.508985848290512e-13,2.066859993741806e-12,4.001363693872022e-12
121,5.114655672852648e-14,2.0198095574767157e-12,1.5786135255303353e-12,2.043567182624184e-12,2.0571457259774334e-12,2.1758650158336554e-12,3.360353503157855e-14,3.891901021147704e-14,7.066444554441894e-13,2.033191767631808e-12,3.943410423149967e-12
122,8.032404162891859e-14,2.1563685627129724e-12,1.6845582106507408e-12,2.0172954352620302e-12,2.0499824289156992e-12,2.218860340081978e-12,6.124388188317593e-14,7.076894916122504e-14,8.59234918550771e-13,1.983014960296899e-12,3.884078509326623e-12
123,1.1929516951873265e-13,2.266756755089855e-12,1.7759385823436172e-12,1.983419266485558e-12,2.0380072497300856e-12,2.2536747538963975e-12,9.689164641163774e-14,1.1267830899080552e-13,1.0018410979443555e-12,1.9191646778282807e-12,3.81866287389621e-12
124,1.6381840961931877e-13,2.349284622071225e-12,1.8498185982841082e-12,1.941925035905314e-12,2.0195200792040856e-12,2.276939836527328e-12,1.3691221370328741e-13,1.602394189233642e-13,1.1294630606522757e-12,1.8444313141548172e-12,3.7439648687999155e-12
125,2.1032695940955573e-13,2.4037789761110787e-12,1.9045923948586228e-12,1.8931243557223014e-12,1.993438866664055e-12,2.286556157674068e-12,1.7827017812863003e-13,2.097390564204157e-13,1.2388008699039927e-12,1.761456379408634e-12,3.658151566598695e-12
126,2.5597595142801703e-13,2.431257497442387e-12,1.939785798128033e-12,1.8375978788910775e-12,1.9592625504179343e-12,2.281536595764815e-12,2.1856199145513115e-13,2.582130555198232e-13,1.328039961586136e-12,1.6726612440888597e-12,3.5605492856033688e-12
127,2.986226617277729e-13,2.4336127992109502e-12,1.9558334256966413e-12,1.7761287428828497e-12,1.91699392069048e-12,2.261811321360798e-12,2.559927749956173e-13,3.034292295158629e-13,1.3965956710027562e-12,1.5802040714679372e-12,3.4514097616822774e-12
128,3.3676388328278817e-13,2.413326759150347e-12,1.9538562823014726e-12,1.709635059859664e-12,1.8670425880158666e-12,2.228022809702348e-12,2.89317984894015e-13,3.4382407784519795e-13,1.4448497365651459e-12,1.4859596125367688e-12,3.3316766059301582e-12
129,3.6944969594515744e-13,2.3732262619721342e-12,1.935456227833105e-12,1.6391076461723386e-12,1.8101229308142691e-12,2.1813301389178668e-12,3.1776624530472253e-13,3.784136994733718e-13,1.4739008440858045e-12,1.391516598463109e-12,3.2027701022830376e-12
130,3.961879376161221e-13,2.3162843849555868e-12,1.902536733745423e-12,1.5655565522991062e-12,1.7471570731750343e-12,2.1232342769356043e-12,3.409553730818606e-13,4.066941990031308e-13,1.4853424412691902e-12,1.29818793270441e-12,3.0664006094601136e-12
131,4.168492969928598e-13,2.2454661940879773e-12,1.85715406912979e-12,1.4899679574793433e-12,1.679188953879929e-12,2.055430249469093e-12,3.5880984432146535e-13,4.28542250906282e-13,1.4810743083462208e-12,1.2070295634023302e-12,2.9244149646812616e-12
132,4.3157934402207e-13,2.163615301548274e-12,1.801399345879288e-12,1.413271592320804e-12,1.6073124873411682e-12,1.9796879149567374e-12,3.7148488045975347e-13,4.441226587802773e-13,1.4631495670252168e-12,1.11886466839167e-12,2.778676188495884e-12
133,4.4072103413546584e-13,2.0733757328259446e-12,1.7373094546609637e-12,1.3363179540719074e-12,1.5326146315424878e-12,1.8977603077340522e-12,3.7929998165482655e-13,4.538067756842466e-13,1.4336556437063806e-12,1.0343105195071796e-12,2.630974171036905e-12
134,4.447492009710992e-13,1.977143060413176e-12,1.6668035535436326e-12,1.2598640735066585e-12,1.4561327357224872e-12,1.8113168558832387e-12,3.8268304134800006e-13,4.581034801651248e-13,1.3946258236860415e-12,9.538060571357112e-13,2.482963550548025e-12
135,4.4421717150473165e-13,1.877038842186451e-12,1.5916411547245488e-12,1.1845663729679335e-12,1.3788246851968625e-12,1.7218979496752284e-12,3.821250305243686e-13,4.576029119382067e-13,1.3479771048360073e-12,8.776387742540761e-13,2.336124362324027e-12
136,4.3971476445362317e-13,1.7749028912133714e-12,1.513397755632843e-12,1.1109791308812595e-12,1.3015499397097143e-12,1.63088708108911e-12,3.7814452579318586e-13,4.529322234387978e-13,1.2954697915136441e-12,8.059699744480888e-13,2.1917409724326655e-12
137,4.318364407963465e-13,1.672298604706743e-12,1.4334541895857174e-12,1.0395571657623418e-12,1.2250594429099584e-12,1.5394968930982173e-12,3.7126096190439596e-13,4.447220651299518e-13,1.2386844288214188e-12,7.388578345247823e-13,2.050895102657492e-12
138,4.211581547859587e-13,1.5705273579149002e-12,1.352996285363299e-12,9.706615180319508e-13,1.1499924568914657e-12,1.4487658155314377e-12,3.619753227037286e-13,4.335822771326521e-13,1.1790120867739744e-12,6.762779800122158e-13,1.9144692414681542e-12
139,4.082214162144356e-13,1.4706487362573155e-12,1.273021922971971e-12,9.04567101697951e-13,1.0768785659392992e-12,1.3595624117024748e-12,3.507569690713242e-13,4.200852125133243e-13,1.1176545363968694e-12,6.181414841884394e-13,1.783157307736113e-12
140,3.935231517479727e-13,1.3735040841151152e-12,1.1943530861859354e-12,8.414714949058277e-13,1.0061433393912308e-12,1.272595041193586e-12,3.3803538063429853e-13,4.047551951308256e-13,1.0556314289398694e-12,5.643103422787192e-13,1.6574800145637972e-12
141,3.7751009494283436e-13,1.2797414650245714e-12,1.1176509986444444e-12,7.815042224924677e-13,9.381164049541757e-13,1.188424911163064e-12,3.241957179209396e-13,3.8806276334097515e-13,9.93792140485311e-13,5.146105649325818e-13,1.5378029241650882e-12
142,3.6057660605810533e-13,1.1898406464540137e-12,1.0434328657569762e-12,7.247360466136621e-13,8.730409359542327e-13,1.1074810135321286e-12,3.095772641005763e-13,3.7042253224018124e-13,9.328304456448044e-13,4.688430906257629e-13,1.4243556664481732e-12
143,3.4306500076377287e-13,1.1041371445939936e-12,9.720891187460372e-13,6.711879196996295e-13,8.110837842535899e-13,1.0300758148356462e-12,2.944739612867493e-13,3.5219369616901685e-13,8.73300620459826e-13,4.267927447971087e-13,1.3172512035231417e-12
144,3.252676368438351e-13,1.0228446986877337e-12,9.039003678917123e-13,6.208393671406574e-13,7.523456880461715e-13,9.564208752259804e-13,2.7913640383165923e-13,3.336823741930312e-13,8.156339414791205e-13,3.882354822114977e-13,1.2165043589053629e-12
145,3.0743016184958333e-13,9.460758014658775e-13,8.390535227752228e-13,5.736361568064797e-13,6.968711485431604e-13,8.866418250167365e-13,2.6377478360467496e-13,3.151451652661505e-13,7.601548475109454e-13,3.529441444062936e-13,1.1220490984624923e-12
146,2.8975545861129184e-13,8.73860104364859e-13,7.776567341393892e-13,5.294971814912305e-13,6.446577028194525e-13,8.207923263580701e-13,2.485623970485514e-13,2.9679342260314194e-13,7.07096268743621e-13,3.2069295087140207e-13,1.0337542579062326e-12
147,2.72407938599582e-13,8.061606551672295e-13,7.197529624259327e-13,4.88320531645836e-13,5.956644247733562e-13,7.588668009741709e-13,2.336394203279598e-13,2.78797877351897e-13,6.566138126585882e-13,2.912609243547311e-13,9.514375677836427e-13
148,2.5551792621287066e-13,7.4288802232898e-13,6.653320897303454e-13,4.499887724842916e-13,5.498195660423359e-13,7.008118196202572e-13,2.191167380191961e-13,2.612933408263597e-13,6.087986357833191e-13,2.644344299360105e-13,8.748779404681322e-13
149,2.391859519435069e-13,6.839124239032395e-13,6.143415721052827e-13,4.1437346456120076e-13,5.070273077815657e-13,6.465361320596589e-13,2.0507967423893162e-13,2.4438329425886663e-13,5.636889329230253e-13,2.4000898605213477e-13,8.038260629567674e-13
150,2.2348683136132837e-13,6.290740175996155e-13,5.666956843541436e-13,3.8133898279138007e-13,4.671736363153449e-13,5.959193742641491e-13,1.9159152491904138e-13,2.2814423771465084e-13,5.212800484228986e-13,2.177904846795305e-13,7.380133917610837e-13
151,2.0847345232602642e-13,5.781915285947541e-13,5.222834452925927e-13,3.507456978160669e-13,4.30131384283042e-13,5.488195277924359e-13,1.7869682820493655e-13,2.1262971804866203e-13,4.815332636501403e-13,1.97595938151271e-13,6.771596781569321e-13
152,1.9418022713920217e-13,5.31069398462485e-13,4.809753326282769e-13,3.2245258739577644e-13,3.95764497046475e-13,5.050792295576639e-13,1.6642433871775091e-13,1.9787399207336783e-13,4.443833466605419e-13,1.7925385202870596e-13,6.209791687709363e-13
153,1.806261915735911e-13,4.87503636077424e-13,4.4262890694036146e-13,2.9631934561518476e-13,3.639315943551811e-13,4.645310423206596e-13,1.5478969248241762e-13,1.8389530770826284e-13,4.097449683922073e-13,1.6260430727598426e-13,5.691856321542891e-13
154,1.678177507255213e-13,4.4728654271210727e-13,4.070934668085516e-13,2.7220805525006304e-13,3.3448890166229405e-13,4.2700180032021576e-13,1.4379776428692356e-13,1.7069880479041677e-13,3.775180982929172e-13,1.4749882074315778e-13,5.214963599684758e-13
155,1.5575108400663315e-13,4.102104711357462e-13,3.742138543372267e-13,2.499844845856087e-13,3.072926257249207e-13,3.9231614291260896e-13,1.3344472944079443e-13,1.5827905013108497e-13,3.4759249388584963e-13,1.338000405982249e-13,4.776352842611763e-13
156,1.4441422963136507e-13,3.760707640681043e-13,3.4383352398592925e-13,2.2951906493719264e-13,2.8220084651280065e-13,3.6029934380959276e-13,1.2371984846914285e-13,1.466222297131056e-13,3.1985139560219097e-13,1.2138132274223353e-13,4.373353419947918e-13
157,1.337888737419917e-13,3.446680020817491e-13,3.1579697914007754e-13,2.106875996272368e-13,2.590749930008469e-13,3.307795358924925e-13,1.146069971142176e-13,1.3570802578851528e-13,2.9417453193788685e-13,1.1012622523703359e-13,4.0034020594638115e-13
158,1.2385187169761065e-13,3.158096758351445e-13,2.899516712478039e-13,1.933717495484218e-13,2.377809648920193e-13,3.0358942269296095e-13,1.0608596585235511e-13,1.2551120896577898e-13,2.704405318715922e-13,9.992795020648374e-14,3.6640548836393706e-13
159,1.1457652971778718e-13,2.8931138292900004e-13,2.6614944634249947e-13,1.7745933495810665e-13,2.181899562527591e-13,2.785675582106286e-13,9.813355353712299e-14,1.1600297590253403e-13,2.485288324217105e-13,9.068875636398349e-14,3.3529951106104664e-13
160,1.0593367453946016e-13,2.6499763606587645e-13,2.442476138693504e-13,1.6284448794615924e-13,2.0017903085630374e-13,2.5555926732516843e-13,9.072447919543462e-14,1.0715206249491936e-13,2.2832115987233663e-13,8.231936010573746e-14,3.068037234436541e-13
161,9.789253741837928e-14,2.4270235674601323e-13,2.241097032707442e-13,1.4942768520689417e-13,1.8363149297550848e-13,2.344172699966819e-13,8.383213476663385e-14,9.892566091112153e-14,2.0970265399990266e-13,7.473833883620526e-14,2.8071283858863794e-13
162,9.042147698785877e-14,2.2226911754860106e-13,2.0560596497215493e-13,1.371156863716837e-13,1.6843709163642568e-13,2.1500206396545726e-13,7.74291999424079e-14,9.129016676985886e-14,1.9256269588189998e-13,6.787154671767814e-14,2.568347471051549e-13
163,8.348856339731816e-14,2.0355118612258288e-13,1.8861366435525346e-13,1.258213992413255e-13,1.5449209103986256e-13,1.9718211288179937e-13,7.148813841724017e-14,8.421178045181364e-14,1.7679549173874087e-13,6.16515502346054e-14,2.349902591786963e-13
164,7.706204395445038e-14,1.8641141530947272e-13,1.7301721006106363e-13,1.1546368979234619e-13,1.416992350382229e-13,1.8083387978064386e-13,6.598159293443869e-14,7.765698411982556e-14,1.6230045784778083e-13,5.601708872532705e-14,2.150127169344798e-13
165,7.111070829721536e-14,1.7072201626185814e-13,1.5870815153268488e-13,1.0596715179996861e-13,1.2996762923914347e-13,1.6584173957260303e-13,6.088269460045737e-14,7.159291363078838e-14,1.4898244491072103e-13,5.0912563262102034e-14,1.967475120239231e-13
166,6.560416900425325e-14,1.5636424491239897e-13,1.4558507505455593e-13,9.726184829039962e-14,1.1921256049194163e-13,1.5209779873075281e-13,5.616530010336513e-14,6.598764222504433e-14,1.3675183434728435e-13,4.6287555874546234e-14,1.800515370728619e-13
167,6.051307155928718e-14,1.432280265864327e-13,1.3355342262644717e-13,8.928303477616526e-14,1.0935527017192483e-13,1.3950164556836341e-13,5.180416875141649e-14,6.081039072926933e-14,1.2552453379955164e-13,4.2096380040551e-14,1.6479259425277297e-13
168,5.580924574924678e-14,1.3121153883251717e-13,1.225252537639759e-13,8.197087229964304e-14,1.003226947837551e-13,1.2796005037155416e-13,4.777508966355755e-14,5.603167703210031e-14,1.1522189461577868e-13,3.829766255344949e-14,1.5084877965956555e-13
169,5.146580890614943e-14,1.2022076856804562e-13,1.1241896667957667e-13,7.52701366780838e-14,9.204718491561533e-14,1.1738663111072674e-13,4.405496800857338e-14,5.162341580248637e-14,1.0577057018240418e-13,3.485395626684094e-14,1.3810785832031135e-13
170,4.745722990661597e-14,1.1016905630664631e-13,1.0315899220305408e-13,6.912992897086446e-14,8.446621145315626e-14,1.0770149744403341e-13,4.06218779041081e-14,4.7558977819977116e-14,9.710233062924174e-14,3.1731382776056643e-14,1.2646664141003052e-13
171,4.3759361513129346e-14,1.0097663746216367e-13,9.467547118379454e-14,6.350339104420904e-14,7.752206616470439e-14,9.883088318213013e-14,3.745508844674508e-14,4.38132168683673e-14,8.915384658460647e-14,2.889930378469866e-14,1.15830374567504e-13
172,4.034944747160978e-14,9.257018843210975e-14,8.690392391922613e-14,5.834742915887164e-14,7.116156225733474e-14,9.070677524901598e-14,3.4535068342060364e-14,4.036247089991678e-14,8.186645224517246e-14,2.6330019698499252e-14,1.0611214397607677e-13
173,3.720610975815333e-14,8.488238328022989e-14,7.978491831860643e-14,5.3622447725115716e-14,6.533573924123111e-14,8.326654539356762e-14,3.184347372961535e-14,3.718454309334708e-14,7.518589599547877e-14,2.3998493863039035e-14,9.723230505490924e-14
174,3.430932048157851e-14,7.7851465300926e-14,7.326374198854249e-14,4.929209473136001e-14,5.999957539314657e-14,7.645258943227091e-14,2.9363123039790333e-14,3.425866749082122e-14,6.906208511273101e-14,2.1882100798866342e-14,8.911793712765616e-14
175,3.1640362184579697e-14,7.142083650356663e-14,6.729008217111838e-14,4.532301983710594e-14,5.511171024793205e-14,7.02119775907744e-14,2.707796206715993e-14,3.1565463092680404e-14,6.344882967865635e-14,1.996039677190431e-14,8.170232624593368e-14
176,2.9181779631549744e-14,6.553866705419329e-14,6.181771643706844e-14,4.168464570659248e-14,5.063417884343872e-14,6.449611852114417e-14,2.4973021885834603e-14,2.9086879599117384e-14,5.830358965002145e-14,1.821491105688082e-14,7.492447739754243e-14
177,2.6917325612878958e-14,6.015752591595632e-14,5.6804216200120374e-14,3.834895283231926e-14,4.653215887382381e-14,5.92604387691648e-14,2.3034371756155546e-14,2.6806137401577377e-14,5.358722807692648e-14,1.6628956296988245e-14,6.872865658381435e-14
178,2.4831902822087302e-14,5.523403330203867e-14,5.221066444416203e-14,3.5290277840857404e-14,4.2773731448805834e-14,5.4464078821054294e-14,2.1249068768426178e-14,2.4707663930619842e-14,4.9263772671699724e-14,1.518745642672585e-14,6.306396267245239e-14
179,2.2911503462553212e-14,5.072853506711772e-14,4.8001388515186074e-14,3.2485125076323576e-14,3.932965579319839e-14,5.006960634618356e-14,1.960510562885295e-14,2.2777028049332998e-14,4.5300187292558133e-14,1.3876790700795475e-14,5.78839284915751e-14
180,2.1143147904867073e-14,4.660479878975183e-14,4.414370840339405e-14,2.9911991108238125e-14,3.6173157936518115e-14,4.604274684930908e-14,1.8091357706974193e-14,2.1000873831718064e-14,4.1666154392258433e-14,1.2684652455334652e-14,5.3146150302933706e-14
181,1.9514823435494746e-14,4.2829731017927246e-14,4.060770060689859e-14,2.755120170166875e-14,3.3279733222643484e-14,4.235213163346247e-14,1.6697530225289433e-14,1.9366854773986518e-14,3.8333869071331406e-14,1.1599921315176265e-14,4.881194455581488e-14
182,1.8015423904084282e-14,3.937311494536444e-14,3.736597741191475e-14,2.53847607110576e-14,3.062696230357975e-14,3.896906273685704e-14,1.5414106273273926e-14,1.786356924526422e-14,3.5277845051191247e-14,1.0612547649474958e-14,4.48460306603571e-14
183,1.6634690883995866e-14,3.6207367642332256e-14,3.43934812301501e-14,2.339621030844284e-14,2.8194340158824438e-14,3.586729433040491e-14,1.4232296164085968e-14,1.648049778504037e-14,3.247473262911159e-14,9.713448165884449e-15,4.1216238415109497e-14
184,1.5363156801969637e-14,3.330731586955572e-14,3.1667293491563875e-14,2.1570501926882667e-14,2.5963117595088253e-14,3.3022829935094345e-14,1.3143988517576811e-14,1.5207942691698457e-14,2.9903148482383185e-14,8.894411619091218e-15,3.789323866624153e-14
185,1.4192090363362286e-14,3.064998944702733e-14,2.916645748927028e-14,1.989387728639915e-14,2.391615462271689e-14,3.04137347310018e-14,1.2141703343098871e-14,1.4036970213713134e-14,2.7543517042114488e-14,8.148013691816694e-15,3.485029575473307e-14
186,1.3113444494191032e-14,2.8214431122833624e-14,2.6871814505330467e-14,1.835375886876846e-14,2.2037785069774168e-14,2.801996217406044e-14,1.1218547306547654e-14,1.2959355547944954e-14,2.5377923049151023e-14,7.467540184699456e-15,3.206304031479264e-14
187,1.2119806936648404e-14,2.5981521883746916e-14,2.4765852504590896e-14,1.6938649216542784e-14,2.0313691777274005e-14,2.5823194106407166e-14,1.036817129422378e-14,1.1967530763603095e-14,2.3389974828124703e-14,6.846917725368492e-15,2.9509261014823585e-14
188,1.1204353567276804e-14,2.3933820663554073e-14,2.2832566662949283e-14,1.563803844777566e-14,1.873079171571833e-14,2.38066935353138e-14,9.584730329048893e-15,1.105453570248037e-14,2.156467776431627e-14,6.28065127619496e-15,2.716871387592555e-14
189,1.0360804453764102e-14,2.205541743261818e-14,2.105733099191484e-14,1.4442319399631588e-14,1.7277130370542535e-14,2.1955169260349968e-14,8.862845849582405e-15,1.0213971852712405e-14,1.9888317436744672e-14,5.763767784666465e-15,2.5022947857757782e-14
190,9.58338262496828e-15,2.0331798689085543e-14,1.942678032920849e-14,1.3342709839303809e-14,1.594178475973587e-14,2.0254651544442783e-14,8.197570327355189e-15,9.439959152308666e-15,1.8348351845465972e-14,5.291765380062279e-15,2.3055145463977372e-14
191,8.866775497087785e-15,1.874972441575491e-14,1.79287019824004e-14,1.2331181208543968e-14,1.471477446841188e-14,1.8692378049087805e-14,7.58435417134752e-15,8.727095647604219e-15,1.693331216779591e-14,4.860567575175749e-15,2.124997718657011e-14
192,8.206098875258825e-15,1.7297115614535073e-14,1.655193633667e-14,1.140039339737065e-14,1.3586980111038404e-14,1.7256689284718584e-14,7.01901484847369e-15,8.0704199088788e-15,1.5632711484421133e-14,4.466481982549887e-15,1.959346867802383e-14
193,7.59686343271606e-15,1.596295158074965e-14,1.528628576670604e-14,1.0543635072501978e-14,1.2550068660624984e-14,1.5936932862099916e-14,6.49770813460853e-15,7.465376089185577e-15,1.443696092960392e-14,4.106163101109133e-15,1.8072879610657755e-14
194,7.034943557779813e-15,1.473717613097903e-14,1.4122431224908578e-14,9.754769116051817e-15,1.1596425114603392e-14,1.4723375868143033e-14,6.016901400776686e-15,6.907781501506577e-15,1.3337292738140864e-14,3.776578771526976e-15,1.6676593252246917e-14
195,6.516548451314414e-15,1.3610612049504665e-14,1.3051855912168327e-14,9.028182759605474e-15,1.0719089998292808e-14,1.360712472849817e-14,5.5733488327857644e-15,6.393796582772379e-15,1.2325689683824892e-14,3.47497993741672e-15,1.5394015855356374e-14
196,6.038195353073639e-15,1.2574883068957754e-14,1.2066775472517357e-14,8.358742027657149e-15,9.911702238272813e-15,1.2580051958643164e-14,5.1640684791833205e-15,5.919897110055311e-15,1.1394820428694057e-14,3.1988733846575098e-15,1.421548502377694e-14
197,5.5966847737892066e-15,1.1622342749835514e-14,1.116007418822254e-14,7.741750132102522e-15,9.168446968964201e-15,1.163472924439153e-14,4.7863210212249754e-15,5.482848533715051e-15,1.053798032836254e-14,2.945997163194051e-15,1.3132186282692749e-14
198,5.1890776103793805e-15,1.0746009670713154e-14,1.0325246686651394e-14,7.172909486112835e-15,8.484007865972144e-15,1.0764366331038252e-14,4.4375901591223035e-15,5.079682293762394e-15,9.749037265442657e-15,2.714298424707456e-15,1.2136077139273936e-14
199,4.812674023770656e-15,9.93950838596482e-15,9.556344704218567e-15,6.648287030907281e-15,7.853523628950434e-15,9.96275523750641e-15,4.115564510764896e-15,4.7076739887800395e-15,9.022382109920847e-15,2.5019134358529375e-15,1.1219817977132714e-14
200,4.464993962163439e-15,9.197015650396532e-15,8.847928485477347e-15,6.1642825928246486e-15,7.272548264719782e-15,9.2242193474965e-15,3.81812092207408e-15,4.364323270950665e-15,8.352883431894166e-15,2.307149550582358e-15,1.0376709181435176e-14
